n,medida500_l_mean,medida500_l_sd,medida500_l_median,medida500_m_mean,medida500_m_sd,medida500_m_median
100946,524.8257374635946,83.95543945917203,521.877,515.7508391417192,96.45185176790257,511.92
