variable,medida500_l,medida500_m
medida500_l,1,0.6878435089866404
medida500_m,0.6878435089866404,1
